region_code,citation_type,citation,citation_full,citation_url
DK,species_list,Aarvik et al. (2017),"Aarvik, L., Bengtsson, B.Å., Elven, H., Ivinskis, P., Jürivete, U., Karsholt, O., Mutanen, M., Savenkov, N., 2017. Nordic-Baltic Checklist of Lepidoptera. Norwegian Journal of Entomology Supplement 3, 1-236.",http://urn.nb.no/URN:NBN:no-66719
EE,species_list,Aarvik et al. (2017),"Aarvik, L., Bengtsson, B.Å., Elven, H., Ivinskis, P., Jürivete, U., Karsholt, O., Mutanen, M., Savenkov, N., 2017. Nordic-Baltic Checklist of Lepidoptera. Norwegian Journal of Entomology Supplement 3, 1-236.",http://urn.nb.no/URN:NBN:no-66719
FI,species_list,Aarvik et al. (2017),"Aarvik, L., Bengtsson, B.Å., Elven, H., Ivinskis, P., Jürivete, U., Karsholt, O., Mutanen, M., Savenkov, N., 2017. Nordic-Baltic Checklist of Lepidoptera. Norwegian Journal of Entomology Supplement 3, 1-236.",http://urn.nb.no/URN:NBN:no-66719
LV,species_list,Aarvik et al. (2017),"Aarvik, L., Bengtsson, B.Å., Elven, H., Ivinskis, P., Jürivete, U., Karsholt, O., Mutanen, M., Savenkov, N., 2017. Nordic-Baltic Checklist of Lepidoptera. Norwegian Journal of Entomology Supplement 3, 1-236.",http://urn.nb.no/URN:NBN:no-66719
LT,species_list,Aarvik et al. (2017),"Aarvik, L., Bengtsson, B.Å., Elven, H., Ivinskis, P., Jürivete, U., Karsholt, O., Mutanen, M., Savenkov, N., 2017. Nordic-Baltic Checklist of Lepidoptera. Norwegian Journal of Entomology Supplement 3, 1-236.",http://urn.nb.no/URN:NBN:no-66719
NO,species_list,Aarvik et al. (2017),"Aarvik, L., Bengtsson, B.Å., Elven, H., Ivinskis, P., Jürivete, U., Karsholt, O., Mutanen, M., Savenkov, N., 2017. Nordic-Baltic Checklist of Lepidoptera. Norwegian Journal of Entomology Supplement 3, 1-236.",http://urn.nb.no/URN:NBN:no-66719
HU,red_list,Ádám Kőrösi & Ádám Gór (pers. comm.),,
SE,red_list,Ahrné et al. (2015),"Ahrné, K., Bengtsson, B., Björklund, J.O., Cederberg, B., Eliasson, C., Hydén, N., Jonasson, J., Lindeborg, M., Ohlsson, A., Palmqvist, G., Ryrholm, N., 2015. Rödlistade fjärilar, Redlisted Butterflies and Moths (Lepidoptera) i “Rödlistade arter i Sverige 2015"", In Rödlistade arter i Sverige 2015. ed. A. Westling, pp. 98-112. ArtDatabanken, Uppsala.",
SE,species_list,Ahrné et al. (2015),"Ahrné, K., Bengtsson, B., Björklund, J.O., Cederberg, B., Eliasson, C., Hydén, N., Jonasson, J., Lindeborg, M., Ohlsson, A., Palmqvist, G., Ryrholm, N., 2015. Rödlistade fjärilar, Redlisted Butterflies and Moths (Lepidoptera) i “Rödlistade arter i Sverige 2015"", In Rödlistade arter i Sverige 2015. ed. A. Westling, pp. 98-112. ArtDatabanken, Uppsala.",
LI,species_list,Aistleitner and Aistleitner (1996),"Aistleitner, E., Aistleitner, U., 1996. Die Tagfalter des Fürstentums Liechtenstein (Lepidoptera: Papilionoidea und Hesperioidea). Regierung des Fürstentums Liechtenstein, Vaduz.",
CZ,species_list,Alois Pavlíčko and Zdeněk Faltýnek Fric (pers. comm.),,
SI,red_list,Anonymous (2002),"Anonymous, 2002. Rules on the inclusion of endangered plant and animal species on the Red List, Annex 16, In Official gazette of RS, Ur. l. Rep. Slo. pp. Regulations 82: 8893-8975.",
AL,red_list,Anonymous (2013),"Anonymous (2013) Red List of wild flora and fauna, Albania",
EE,red_list,Anu Tiitsaar (pers.comm.),,
MA_CA,species_list,Báez and Oromí (2010),"Báez, M., Oromí, P., 2010. Lepidoptera, In Lista de especies silvestres de Canarias. Hongos, plantas y animales terrestres. 2009. eds M. Arechavaleta, S. Rodríguez, N. Zurita, A. García, pp. 302-318. Gobierno de Canarias, Santa Cruz de Tenerife.",
IT,species_list,Balletto et al. (2014),"Balletto, E., Cassulo, L.A., Bonelli, S., 2014. An annotated Checklist of the Italian Butterflies and Skippers (Papilionoidea, Hesperiioidea). Zootaxa 3853, 1-114.",https ://doi.org/10.11646 /zoota xa.3853.1.1
CZ,red_list,Beneš and Konvička (2017),"Beneš, J., Konvička, M., 2017. Hesperioidea a Papilionoidea (denní motýli), In Červený seznam ohrožených druhů České republiky. Bezobratlí [Red List of threatened species of the Czech Republic. Invertebrates]. eds R. Hejda, J. Farkač, K. Chobot, pp. 177-234. Příroda, Praha.",
IT,red_list,Bonelli et al. (2018),"Bonelli, S., Casacci, L.P., Barbero, F., Cerrato, C., Dapporto, L., Sbordoni, V., Scalercio, S., Zilli, A., Battistoni, A., Teofili, C., Rondinini, C., Balletto, E., 2018. The first red list of Italian butterflies. Insect Conserv. Diver. 11, 506-5821.",https ://doi.org/10.1111/icad.12293
NL,red_list,Bos et al. (2006),"Bos, F., Bosveld, M., Groenendijk, D., van Swaay, C.A.M., Wynhoff, I., De Vlinderstichting, 2006. De dagvlinders van Nederland. Verspreiding en bescherming (Lepidoptera: Hesperioidea, Papilionoidea). Nationaal Natuurhistorisch Museum Naturalis; KNNV Uitgeverij; European Invertebrate Survey, Leiden.",
PL,species_list,Buszko and Masłowski (2015),"Buszko, J., Masłowski, J., 2015. Motyle dzienne Polski. Koliber, Nowy Sącz, Poland.",
PL,red_list,Buszko and Nowacki (2002),"Buszko, J., Nowacki, J., 2002. Lepidoptera - Motyle, In Red List of threatened animals in Poland. ed. Z. Głowaciński, pp. 80-87. Polish Academy of Sciences, Institute of Nature Conservation, Cracow.",
PL,red_list,Buszko and Sielezniew (pers. comm.),,
MT,species_list,Cassar (2018),"Cassar, L.F., 2018. A revision of the butterfly fauna (Lepidoptera - Rhopalocera) of the Maltese Islands. Il Naturalista siciliano 42, 3-19.",
GR,species_list,Coutsis and Bozano (2017),"Coutsis, J.G., Bozano, G.C., 2017. The true identity of butterflies originally recorded as Hipparchia (Porahipparchia) pellucida (Stauder, L923) from the Eastern Aegean Greek islands of Lézvos and lkaría (Lepidoptera: Nymphalidae, Satyrinae). Phegea 45, 106-109.",
AL,species_list,Cuvelier et al. (2018),"Cuvelier, S., Parmentier, L., Paparisto, A., Couckuyt, J., 2018. Butterflies of Albania – Fluturat e Shqipërisë. New surveys, new species and a new checklist (Lepidoptera: Papilionoidea). Phegea 46, 48-69.",
RU,red_list,Danilov-Danilian (2001),"Danilov-Danilian, V.I., 2001. Red Data Book of the Russian Federation: Animals. AST & Astrel Publ, Moscow.",
AD,red_list,Dantart and Jubany (2012),"Dantart, J., Jubany, J., 2012. Les Papallones Diürnes d'Andorra [The Butterflies of Andorra]. Centre d'Estudis de la Neu i de la Muntanya d'Andorra, Andorra.",
AD,species_list,Dantart and Jubany (2012),"Dantart, J., Jubany, J., 2012. Les Papallones Diürnes d'Andorra [The Butterflies of Andorra]. Centre d'Estudis de la Neu i de la Muntanya d'Andorra, Andorra.",
BA,red_list,Đug (2013),"Đug, S., 2013. Knjiga 3 - Crvena Lista Faune Federacije Bosne I Hercegovine. EU Greenway, Sarajevo.",
IS,species_list,Erling Ólafsson (pers. comm.),,
BE,red_list,Fichefet et al. (2008),"Fichefet, V., Barbier, Y., Baugnée, J.Y., Dufrêne, M., Goffart, P., Maes, D., Van Dyck, H., 2008. Papillons de jour de Wallonie (1985-2007). Groupe de Travail Lépidoptères Lycaena , Département de l'Etude du Milieu Naturel et Agricole (SPW/DGARNE), Gembloux.",
BE,species_list,Fichefet et al. (2008),"Fichefet, V., Barbier, Y., Baugnée, J.Y., Dufrêne, M., Goffart, P., Maes, D., Van Dyck, H., 2008. Papillons de jour de Wallonie (1985-2007). Groupe de Travail Lépidoptères Lycaena , Département de l'Etude du Milieu Naturel et Agricole (SPW/DGARNE), Gembloux.",
UK,red_list,Fox et al. (2011),"Fox, R., Warren, M.S., Brereton, T.M., Roy, D.B., Robinson, A., 2011. A new Red List of British butterflies. Insect Conserv. Diver. 4, 159-172.",https://doi.org/10.1111/j.1752-4598.2010.00117.x
ME,species_list,Franeta (2018),"Franeta, F., 2018. Checklist of the butterflies (Lepidoptera: Papilionoidea) of Montenegro. Zootaxa 4392, 128-148.",https://doi.org/10.11646 /zootaxa.4392.1.6
ES,species_list,García-Barros et al. (2013),"García-Barros, E., Munguira, M.L., Stefanescu, C., Vives Moreno, A., 2013. Lepidoptera Papilionoidea, In Fauna Iberica. ed. M.A. Ramos Sánchez. Museo Nacional de Ciencias Naturales, CSIC, Madrid.",
PT,species_list,Garcia-Pereira et al. (2003),"Garcia-Pereira, P., García-Barros, E., Munguira, M.L., 2003. Patrones de distribución de las mariposas diurnas en Portugal (Lepidoptera, Papilionoidea, Hesperiidae, Zygaenidae). Graellsia 59, 259-271.",
HU,species_list,Gergely et al. (2017),"Gergely, P., Gór, Á., Hudák, T., Ilonczai, Z., Szombathelyi, E., 2017. Nappali lepkéink – Határozó terepre és természetfotókhoz / A Field Guide to the Butterflies of Hungary. Kitaibel Kiadó, Biatorbágy.",
NO,red_list,Henriksen and Hilmo (2015),"Henriksen, S., Hilmo, O., 2015. Kunnskapsgrunnlaget. Norsk rødliste for arter 2015, ed. Artsdatabanken. Artsdatabanken.",http://www.artsd ataba nken.no/Rodliste/Kunns kapsg runnl aget.
SK,red_list,Hernik Kalivoda (pers. comm.),,
AT,red_list,Höttinger and Pennerstorfer (2005),"Höttinger, H., Pennerstorfer, J., 2005. Rote Liste der Tagschmetterlinge Österreichs (Lepidoptera: Papilionoidea & Hesperioidea), In Rote Listen gefährdeter Tiere Österreichs. Checklisten, Gefährdungsanalysen, Handlungsbedarf. Teil 1: Säugetiere, Vögel, Heuschrecken, Wasserkäfer, Netzflügler, Schnabelfliegen, Tagfalter. ed. K.P. Zulka, pp. 313–354. Bundesministeriums für Land- und Forstwirtschaft, Umwelt und Wasserwirtschaft (Gesamtherausgeberin Ruth Wallner, Wien, Böhlau.",
BG,red_list,Hristova and Beshkov (2017),"Hristova, H.O., Beshkov, S.V., 2017. Checklist of the Superfamilies Hesperioidea and Papilionoidea (Insecta: Lepidoptera) of Bulgaria, with Application of the IUCN Red List Criteria at National Level. Acta Zoologica Bulgarica 69, 105-114.",
AT,species_list,Huemer (2013),"Huemer, P., 2013. Die Schmetterlinge Österreichs (Lepidoptera). Systematische und faunistische Checkliste. Tiroler Landesmuseen, Innsbruck.",
AT,species_list,Huemer and Wiesmair (2017),"Huemer, P., Wiesmair, B., 2017. DNA-Barcoding der Tagfalter (Lepidoptera, Papilionoidea) Österreichs - Unbekannte genetische Vielfalt im Zentrum Europas, In Wissenschaftliches Jahrbuch der Tiroler Landesmuseen 2017. ed. W. Meighörner, pp. 9-33. Tiroler Landes museum, Innsbruck, Wien, Bozen.",
RU,red_list,Iliashenko and Iliashenko (2000),"Iliashenko, V.Y., Iliashenko, E.I., 2000. Krasnaya kniga Rossii: pravovye akty [Red Data Book of Russia: legislative acts]. State committee of the Russian Federation for Environmental Protection, Moscow.",
RS,red_list,Jakšić (2003),"Jakšić, P., 2003. Red Data book of Serbian butterflies. Lepidoptera: Hesperioidea and Papilionoidea. Institute for Nature Conservation of Serbia, Belgrade.",
CY,species_list,John and Skule (2016),"John, E., Skule, B., 2016. Chapter 15: Lepidoptera, In An Introduction to the Wildlife of Cyprus. eds D.J. Sparrow, E. John, pp. 268-385. Terra Cypria, Cyprus.",
FI,red_list,Kaitila et al. (2010),"Kaitila, J.-P., Nupponen, K., Kullberg, J., Laasonen, E., 2010. Perhoset - Butterflies and Moths. Lepidoptera, In The 2010 Red List of Finnish Species. eds P. Rassi, E. Hyvärinen, A. Juslén, I. Mannerkoski, pp. 430-470. Ympäristöministeriö & Suomen ympäristökeskus, Helsinki.",
BG,species_list,Kolev (2017),"Kolev, Z., 2017. Rubrapterus bavius (Eversmann, 1832), a butterfly genus and species new to Bulgaria (Insecta, Lepidoptera, Lycaenidae). ZooNotes 114, 1-4.",
BG,species_list,Kolev and Shtinkov (2016),"Kolev, Z., Shtinkov, N., 2016. The Pygmy Skipper Gegenes pumilio: a new species to Bulgaria, and a confirmation of its occurrence in the eastern Balkan Peninsula (Lepidoptera: Hesperiidae). Phegea 44, 16–22.",
BG,species_list,Kolev and Tsvetanov (2018),"Kolev, Z., Tsvetanov, T., 2018. Clarifications and new data on the distribution of Cacyreus marshalli Butler, 1898 in Bulgaria (Insecta, Lepidoptera, Lycaenidae). ZooNotes 122, 1-4.",
BY,species_list,Korb and Bolshakov (2016),"Korb, S.K., Bolshakov, L.V., 2016. A systematic catalogue of butterflies of the former Soviet Union (Armenia, Azerbaijan, Belarus, Estonia, Georgia, Kyrgyzstan, Kazakhstan, Latvia, Lituania, Moldova, Russia, Tajikistan, Turkmenistan, Ukraine, Uzbekistan) with special account to their type specimens (Lepidoptera: Hesperioidea, Papilionoidea). Zootaxa 4160, 1-324.",https://doi.org/10.11646/zootaxa.4160.1.1
MD,species_list,Korb and Bolshakov (2016),"Korb, S.K., Bolshakov, L.V., 2016. A systematic catalogue of butterflies of the former Soviet Union (Armenia, Azerbaijan, Belarus, Estonia, Georgia, Kyrgyzstan, Kazakhstan, Latvia, Lituania, Moldova, Russia, Tajikistan, Turkmenistan, Ukraine, Uzbekistan) with special account to their type specimens (Lepidoptera: Hesperioidea, Papilionoidea). Zootaxa 4160, 1-324.",https://doi.org/10.11646/zootaxa.4160.1.1
RO,species_list,Korb and Bolshakov (2016),"Korb, S.K., Bolshakov, L.V., 2016. A systematic catalogue of butterflies of the former Soviet Union (Armenia, Azerbaijan, Belarus, Estonia, Georgia, Kyrgyzstan, Kazakhstan, Latvia, Lituania, Moldova, Russia, Tajikistan, Turkmenistan, Ukraine, Uzbekistan) with special account to their type specimens (Lepidoptera: Hesperioidea, Papilionoidea). Zootaxa 4160, 1-324.",https://doi.org/10.11646/zootaxa.4160.1.1
UA,species_list,Korb and Bolshakov (2016),"Korb, S.K., Bolshakov, L.V., 2016. A systematic catalogue of butterflies of the former Soviet Union (Armenia, Azerbaijan, Belarus, Estonia, Georgia, Kyrgyzstan, Kazakhstan, Latvia, Lituania, Moldova, Russia, Tajikistan, Turkmenistan, Ukraine, Uzbekistan) with special account to their type specimens (Lepidoptera: Hesperioidea, Papilionoidea). Zootaxa 4160, 1-324.",https://doi.org/10.11646/zootaxa.4160.1.1
BA,species_list,Koren and Kulijer (2016),"Koren, T., Kulijer, D., 2016. New or interesting records of three butterfly (Lepidoptera: Papilionoidea & Hesperioidea) species from Bosnia and Herzegovina and Croatia. Natura Croatica 25, 321-326.",
MK,red_list,Krpač and Darcemont (2011),"Krpač, V.T., Darcemont, C., 2011. Red List of butterflies (Lepidoptera: Hesperioidea & Papilionoidea) for Republic of Macedonia. Revue d’écologie – la Terre et la Vie 67, 117-122.",
NL,species_list,Kuchlein and de Vos (1999),"Kuchlein, J.H., de Vos, R., 1999. Geannoteerde naamlijst van de Nederlandse vlinders - Annotated checklist of the Dutch Lepidoptera. Backhuys, Leiden.",
BY,red_list,Kulak and Yakovlev (2018),"Kulak, A.V., Yakovlev, R.V., 2018. Sozological analysis of the Butterflies (Lepidoptera, Papilionoidea) of upper bogs in Belarus. Ukrainian Journal of Ecology 8, 174-196.",
FR,species_list,Lafranchis et al. (2015),"Lafranchis, T., Jutzeler, D., Guillosson, J.-Y., Kan, P., Kan, B., 2015. La vie des papillons. Ecologie, Biologie et Comportement des Rhopalocères de France. Diatheo, Montpellier.",
BG,species_list,Langourov and Simov (2014),"Langourov, M., Simov, N., 2014. Cacyreus marshalli Butler, 1898 (Lep.: Lycaenidae), a new species for Bulgaria. Entomologist’s Record and Journal of Variation 26, 190-192.",
GR,red_list,Legakis and Maragou (2009),"Legakis, A., Maragou, P., 2009. The Red Book of Threatened Animals of Greece ([in Greek]. Hellenic Zoological Society, Athens.",
BA,species_list,Lelo (2016),"Lelo, S., 2016. Četvrta revizija popisa dnevnih leptira (Lepidoptera: Hesperioidea i Papilionoidea) Bosne i Hercegovine. Broj stranica 12, 49-59.",
BE,red_list,Maes et al. (2012),"Maes, D., Vanreusel, W., Jacobs, I., Berwaerts, K., Van Dyck, H., 2012. Applying IUCN Red List criteria at a small regional level: A test case with butterflies in Flanders (north Belgium). Biological Conservation 145, 258-266.",https://doi.org/doi:10.1016/j.biocon.2011.11.021
BE,species_list,Maes et al. (2012),"Maes, D., Vanreusel, W., Jacobs, I., Berwaerts, K., Van Dyck, H., 2012. Applying IUCN Red List criteria at a small regional level: A test case with butterflies in Flanders (north Belgium). Biological Conservation 145, 258-266.",https://doi.org/doi:10.1016/j.biocon.2011.11.021
PT,species_list,Marabuto and Maravalhas (2008),"Marabuto, E., Maravalhas, E.S., 2008. Contribuição para o conhecimento dos lepidopteros do sitio Natura-2000 “Montesinho-Nogueira”, Trás-Os-Montes, Portugal (Insecta, Lepidoptera). Boletín Sociedad Entomológica Aragonesa 43, 145-151.",
MA_AZ,species_list,Martin Wiemers (pers. comm.),,
MA_MA,species_list,Martin Wiemers (pers. comm.),,
MA_CA,species_list,Martin Wiemers (pers. comm.),,
LU,red_list,Mestdagh et al. (in press),"Mestdagh, X., L'Hoste, L., Cantú-Salazar, L., in press. Butterflies of Luxembourg - Distribution, conservation and Red List. Musée national d’histoire naturelle, Luxembourg.",
LU,species_list,Mestdagh et al. (in press),"Mestdagh, X., L'Hoste, L., Cantú-Salazar, L., in press. Butterflies of Luxembourg - Distribution, conservation and Red List. Musée national d’histoire naturelle, Luxembourg.",
MK,species_list,Micevski and Micevski (2017),"Micevski, N., Micevski, B., 2017. Cacyreus marshalli (Butler, 1898) (Lepidoptera: Lycaenidae) confirmed for the Republic of Macedonia. Bulletin of the Natural History Museum - Plovdiv 2, 17-20.",
AL,species_list,Micevski et al. (2015),"Micevski, N., Franeta, F., Gascoigne-Pees, M., Micevski, B., Verovnik, R., 2015. Butterfly surveys in Albania during 2014 including the discovery of two new species for the country. Ecologica Montenegrina 3, 1-12.",https://www.biotaxa.org/em/artic le/view/13261
MD,species_list,Mølgaard (2017),"Mølgaard, M.S., 2017. New distributional data regarding the butterflies (Lepidoptera: Papilionoidea) of the Republic of Moldova. Phegea 45, 65-74.",
ES,species_list,Monasterio León et al. (2017),"Monasterio León, Y., García Carrillo, A., Vila Ujaldón, R., Vicente Arranz, J.C., Escobés Jiménez, R., García Alamá, J.A., Moreno Iriondo, Ó., Hernández Roldán, J., Parra Arjona, B., Murria Beltrán, E., Antón Lázaro, I., Baquero Herce, A., Olivares Villegas, J., Barea Azcón, J.M., Pérez-Fernández, R., Jubany Fontanillas, J., Gutiérrez García, D., Montagud Alario, S., López Ildefonso, M., 2017. Propuesta actualizada de nombres comunes en castellano para las mariposas de la península ibérica y Baleares (Lepidoptera: Papilionoidea). Boletín de la Sociedad Entomológica Aragonesa 60, 463-483.",
UA,species_list,Nekrutenko and Tshikolovets (2005),"Nekrutenko, Y., Tshikolovets, V., 2005. The Butterflies of Ukraine. Tshikolovets Publications.",
UK,species_list,Newland et al. (2015),"Newland, D., Still, R., Swash, A., Tomlinson, D., 2015. Britain's butterflies. A field guide to the butterflies of Britain and Ireland, Third edn. Princeton University Press, Oxford.",
IS,species_list,Ole Karsholt (pers. comm.),,
EE,species_list,Õunap and Tartes (2014),"Õunap, E., Tartes, U., 2014. Eesti päevaliblikad [Butterflies of Estonia]. Varrak, Tallinn.",
GR,red_list,Pamperis (2009),"Pamperis, L.N., 2009. The Butterflies of Greece, Second edn. PAMPERIS Editions, Athens.",
GR,species_list,Pamperis (2009),"Pamperis, L.N., 2009. The Butterflies of Greece, Second edn. PAMPERIS Editions, Athens.",
SK,species_list,Pastorális et al. (2013),"Pastorális, G., Kalivoda, H., Panigaj, L., 2013. Zoznam motýľov (Lepidoptera) zistených na Slovensku [Checklist of Lepidoptera recorded in Slovakia]. Folia faunistica Slovaca 18, 101-232.",
RS,species_list,Popović and Verovnik (2018),"Popović, M., Verovnik, R., 2018. Revised checklist of the butterflies of Serbia (Lepidoptera: Papilionoidea). Zootaxa 4438, 501-527.",https://doi.org/10.11646/zoota xa.4438.3.5
RS,red_list,Popović et al. (2017),"Popović, M., Šašić, M., Verovnik, R., 2017. Using limited data to create a preliminary Red List of Serbian butterflies, In 20th European Congress of Lepidopterology. SEL, Podgora - Croatia.",
RO,red_list,Rákosy (2013),"Rákosy, L., 2003. Lista roşie pentru fluturii diurni din România. Bul. inf. Soc. lepid. rom 13, 9-26.",
LT,red_list,Rašomavičius (2007),"Rašomavičius, V., 2007. Red Data Book of the Republic of Lithuania. Ministry of environment of the Republic of Lithuania, Institute of Botany, Institute of Ecology of Vilnius University, Kaunas.",
IE,red_list,Regan et al. (2010),"Regan, E.C., Nelson, B., Aldwell, B., Bertrand, C., Bond, K., Harding, J., Nash, D., Nixon, D., Wilson, C.J., 2010. Ireland Red List No. 4 – Butterflies. National Parks and Wildlife Service, Department of the Environment, Heritage and Local Government, Ireland.",
DE,red_list,Reinhardt and Bolz (2011),"Reinhardt, R., Bolz, R., 2011. Rote Liste und Gesamtartenliste der Tagfalter (Rhopalocera) (Lepidoptera: Papilionoidea et Hesperioidea) Deutschlands, In Rote Liste gefährdeter Tiere, Pflanzen und Pilze Deutschlands. Vol. 3: Wirbellose Tiere (Part 1). eds M. Binot-Hafke, S. Balzer, N. Becker, H. Gruttke, H. Haupt, N. Hofbauer, G. Ludwig, G. Matzke-Hajek, M. Strauch. Landwirtschaftsverlag, Münster. Naturschutz und Biologische Vielfalt 70, 167-194",
DE,species_list,Reinhardt and Bolz (2011),"Reinhardt, R., Bolz, R., 2011. Rote Liste und Gesamtartenliste der Tagfalter (Rhopalocera) (Lepidoptera: Papilionoidea et Hesperioidea) Deutschlands, In Rote Liste gefährdeter Tiere, Pflanzen und Pilze Deutschlands. Vol. 3: Wirbellose Tiere (Part 1). eds M. Binot-Hafke, S. Balzer, N. Becker, H. Gruttke, H. Haupt, N. Hofbauer, G. Ludwig, G. Matzke-Hajek, M. Strauch. Landwirtschaftsverlag, Münster. Naturschutz und Biologische Vielfalt 70, 167-194",
RU,species_list,Rudi Verovnik (pers. comm.),,
FI,species_list,Saarinen and Jantunen (2013),"Saarinen, K., Jantunen, J., 2013. Päiväperhoset matkalla pohjoiseen. Hyönteistarvike TIBIALE Oy, Helsinki.",
HU,species_list,Sáfián et al. (2012),"Sáfián, S., Verovnik, R., Bathó, I., Csontos, G., Horváth, B., Kogovšek, N., Rebeušek, F., Scherer, Z., Strausz, M., Szentirmai, I., Zakšek, B., 2012. Butterfly Atlas Őrség-Goricko. Őrségi Nemzeti Park Igazgatóság, Őriszentpéter.",
MT,species_list,Sammut (2000),"Sammut, P.M., 2000. Il-Lepidoptera. Kullana Kulturali. PIN. Il-Pieta, Malta.",
HR,species_list,Šašić and Mihoci (2011),"Šašić, M., Mihoci, I., 2011. Annotated checklist of Croatian butterflies with vernacular names. Natura Croatica 20, 425-436.",
HR,red_list,Šašić et al. (2015),"Šašić, M., Mihoci, I., Kučinić, M., 2015. Red Book of butterflies in Croatia. Ministry of Environmental and Nature Protection, State Institute for Nature Protection, Croatian Natural History Museum, Zagreb.",
AL,species_list,Šašić et al. (2015),"Šašić, M., Popović, M., Cuvelier, S., Đurić, M., Franeta, F., Gascoigne-Pees, M., Koren, T., Maes, D., Micevski, B., Micevski, N., Mølgaard, M.S., van Swaay, C.A.M., Wynhoff, I., Verovnik, R., 2015. Contribution to the knowledge of the butterfly fauna of southern Albania. Nota Lepidopterologica 38, 29-45.",https://doi.org/10.3897/nl.38.8814
HR,species_list,Šašić et al. (2015),"Šašić, M., Mihoci, I., Kučinić, M., 2015. Red Book of butterflies in Croatia. Ministry of Environmental and Nature Protection, State Institute for Nature Protection, Croatian Natural History Museum, Zagreb.",
MT,species_list,Schembri (1968),"Schembri, S.P., 1968. A Review of the Lepidoptera (Papilionoidea) of the Maltese Islands. Lepidoptera Group of 1968, Birkirkara, Malta.",
UA,red_list,Serhiy Popov and Yurii Geryak (pers. comm.),,
CH,species_list,Sonderegger (2005),"Sonderegger, P., 2005. Die Erebien der Schweiz. Verlag Peter Sonderegger, Brügg bei Biel.",
ME,species_list,Švara et al. (2015),"Švara, V., Zakšek, B., Verovnik, R., 2015. Contribution to the knowledge of the butterfly fauna of Montenegro (Lepidoptera: Rhopalocera). Acta Entomologica Slovenica 23, 37-48.",
CH,species_list,SwissLepTeam (2010),"SwissLepTeam, 2010. Die Schmetterlinge (Lepidoptera) der Schweiz: Eine kommentierte, systematisch-faunistische Liste. CSCF & SEG, Neuchâtel.",
RO,species_list,Székely (2008),"Székely, L., 2008. The Butterflies of Romania - Fluturii de zi din Romania. Brașov County History Museum, Brașov.",
RU,species_list,Tatarinov and Gorbunov (2014),"Tatarinov, A.G., Gorbunov, P.Y., 2014. The Structure and Spatial Organization of the Butterfly Fauna (Lepidoptera, Rhopalocera) of the Ural Mountains. Entomological Review 94, 541–561.",https://doi.org/10.1134/S0013873814040083
MA_AZ,species_list,Tennent (2005),"Tennent, W.J., 2005. A check-list of the butterflies of Macaronesia (Canary Islands, Madeira, Azores). Entomologist's Gazette 56, 133-138.",
MA_MA,species_list,Tennent (2005),"Tennent, W.J., 2005. A check-list of the butterflies of Macaronesia (Canary Islands, Madeira, Azores). Entomologist's Gazette 56, 133-138.",
MA_CA,species_list,Tennent (2005),"Tennent, W.J., 2005. A check-list of the butterflies of Macaronesia (Canary Islands, Madeira, Azores). Entomologist's Gazette 56, 133-138.",
IE,species_list,Tomás Murray (pers. comm.),,
RU,species_list,Tshikolovets (2011),"Tshikolovets, V., 2011. Butterflies of Europe & the Mediterranean Area. Tshikolovets Publications, Pardubice, Czech Republic.",
RU,species_list,Tuzov (1997),"Tuzov, V.K., 1997. Guide to the butterflies of Russia and adjacent territories. Volume 1. Hesperiidae, Papilionidae, Pieridae, Satyridae. Pensoft Publishers, Sofia, Bulgaria.",
RU,species_list,Tuzov (2000),"Tuzov, V.K., 2000. Guide to the butterflies of Russia and adjacent territories. Volume 2. Libytheidae, Danaidae, Nymphalidae, Riodinidae, Lycaenidae. Pensoft Publishers, Sofia - Moscow.",
FR,red_list,UICN France et al. (2012),"UICN France, MNHN, OPIE, SEF, 2012. La Liste rouge des espces menaces en France - Chapitre Papillons de jours de France métropolitaine. UICN France, MNHN, OPIE & SEF, Paris.",
LI,species_list,Ulrich Hiermann (pers. comm.),,
MT,species_list,Valletta (1972),"Valletta, A., 1972. The Butterflies of the Maltese Islands. Progress Press, Malta.",
NL,species_list,van Swaay (2018),"van Swaay, C.A.M., 2018. Basisrapport Rode Lijst Dagvlinders 2019. De Vlinderstichting, Wageningen.",
EUR,red_list,van Swaay et al. (2010),"van Swaay, C.A.M., Cuttelod, A., Collins, S., Maes, D., Munguira, M.L., Šašić, M., Settele, J., Verovnik, R., Verstrael, T., Warren, M.S., Wiemers, M., Wynhoff, I., 2010. European Red List of butterflies. Publications Office of the European Union, Luxembourg.",
EU27,red_list,van Swaay et al. (2010),"van Swaay, C.A.M., Cuttelod, A., Collins, S., Maes, D., Munguira, M.L., Šašić, M., Settele, J., Verovnik, R., Verstrael, T., Warren, M.S., Wiemers, M., Wynhoff, I., 2010. European Red List of butterflies. Publications Office of the European Union, Luxembourg.",
HU,species_list,Varga (2012),"Varga, Z., 2012. Magyarország Nagylepkéi / The Macrolepidoptera of Hungary, 2nd edition edn. Heterocera Press, Budapest.",
ES,red_list,Verdú and Galante (2009),"Verdú, J.R., Galante, E., 2009. Atlas de los Invertebrados Amenazados de España (Especies En Peligro Crítico y En Peligro). Dirección General para la Biodiversidad, Ministerio de Medio Ambiente, Madrid.",
ES,red_list,Verdú et al. (2011),"Verdú, J.R., Numa, C., Galante, E., 2011. Atlas y Libro Rojo de los Invertebrados amenazados de España (Especies Vulnerables). Dirección General de Medio Natural y Política Forestal, Ministerio de Medio Ambiente, Medio rural y Marino, Madrid.",
AL,species_list,Verovnik and Popović (2013),"Verovnik, R., Popović, M., 2013. Annotated checklist of Albanian butterflies (Lepidoptera, Papilionoidea and Hesperioidea). Zookeys 323, 75-89.",https://doi.org/10.3897/zookeys.323.5684
SI,red_list,Verovnik et al. (2012),"Verovnik, R., Rebeušek, F., Jež, M., 2012. Atlas dnevnih metuljev (Lepidoptera: Rhopalocera) Slovenije, Atlas of butterflies (Lepidoptera: Rhopalocera) of Slovenia. Center za kartografijo favne in flore, Miklavž na Dravskem polju.",
SI,species_list,Verovnik et al. (2012),"Verovnik, R., Rebeušek, F., Jež, M., 2012. Atlas dnevnih metuljev (Lepidoptera: Rhopalocera) Slovenije, Atlas of butterflies (Lepidoptera: Rhopalocera) of Slovenia. Center za kartografijo favne in flore, Miklavž na Dravskem polju.",
MA_AZ,species_list,Vieira and Karsholt (2010),"Vieira, V., Karsholt, O., 2010. Lepidoptera, In A list of the terrestrial and marine biota from the Azores. eds P.A.V. Borges, A. Costa, R. Cunha, R. Gabriel, V. Gonçalves, A.F. Martins, I. Melo, M. Parente, P. Raposeiro, P. Rodrigues, R.S. Santos, L. Silva, P. Vieira, V. Vieira, pp. 188-192. Princípia, Cascais.",
RO,red_list,Vlad Dincă (pers. comm.),,
CH,red_list,Wermeille et al. (2014),"Wermeille, E., Chittaro, Y., Gonseth, Y., 2014. Liste rouge Papillons diurnes et Zygènes. Papilionoidea, Hesperioidea et Zygaenidae. Espèces menacées en Suisse, état 2012. Office fédéral de l’environnement (OFEV) du Département fédéral de l’environnement, des transports, de l’énergie et de la communication (DETEC)/Centre Suisse de Cartographie de la Faune (CSCF), Berne/Neuchâtel.",
CH,species_list,Wermeille et al. (2014),"Wermeille, E., Chittaro, Y., Gonseth, Y., 2014. Liste rouge Papillons diurnes et Zygènes. Papilionoidea, Hesperioidea et Zygaenidae. Espèces menacées en Suisse, état 2012. Office fédéral de l’environnement (OFEV) du Département fédéral de l’environnement, des transports, de l’énergie et de la communication (DETEC)/Centre Suisse de Cartographie de la Faune (CSCF), Berne/Neuchâtel.",
EUR,species_list,Wiemers et al. (2018),"Wiemers, M., Balletto, E., Dincă, V., Fric, Z.F., Lamas, G., Lukhtanov, V.A., Munguira, M.L., van Swaay, C.A.M., Vila, R., Vliegenhart, A., Wahlberg, N., Verovnik, R., 2018. An updated checklist of the European Butterflies (Lepidoptera: Papilionoidea). ZooKeys 811, 9-45.",https://doi.org/10.3897/zookeys.811.28712
RO,species_list,Wiemers et al. (2018),"Wiemers, M., Balletto, E., Dincă, V., Fric, Z.F., Lamas, G., Lukhtanov, V.A., Munguira, M.L., van Swaay, C.A.M., Vila, R., Vliegenhart, A., Wahlberg, N., Verovnik, R., 2018. An updated checklist of the European Butterflies (Lepidoptera: Papilionoidea). ZooKeys 811, 9-45.",https://doi.org/10.3897/zookeys.811.28712
DK,red_list,Wind and Pihl (2004),"Wind, P., Pihl, S., 2004. The Danish Red List. The National Environmental Research Institute, Aarhus University.",
AT,red_list,Zulka et al. (2003),"Zulka, K.P., Eder, E., Höttinger, H., Weigand, E., 2003. Threat descriptors and extinction risk - the Austrian Red List concept, In The harmonization of Red Lists for threatened species in Europe. Proceedings of an international Seminar 27 and 28 November 2002. eds H.H. de Iongh, O.S. Bánki, W. Bergmans, M.J. van der Werff ten Bosch, pp. 103-110. The Netherlands Commission for International Nature Protection, Leiden.",
